{"accuracy": [0.7225567102432251, 0.9253427386283875, 0.9588718414306641, 0.9741026759147644, 0.9806138277053833, 0.9849245548248291, 0.9871249794960022, 0.9893825650215149, 0.9904868602752686, 0.9917465448379517], "loss": [0.9147213101387024, 0.2309701293706894, 0.12462755292654037, 0.08100920170545578, 0.060078516602516174, 0.04771671071648598, 0.03959236666560173, 0.033642955124378204, 0.030678793787956238, 0.026739194989204407], "val_accuracy": [0.899393618106842, 0.9262567758560181, 0.959379255771637, 0.9671382904052734, 0.9568364024162292, 0.948490560054779, 0.9735932946205139, 0.9818087220191956, 0.9736585021018982, 0.9687683582305908], "val_loss": [0.30391573905944824, 0.23853705823421478, 0.132932648062706, 0.11012247204780579, 0.1490214467048645, 0.1814599484205246, 0.09180314838886261, 0.06600800156593323, 0.09961550682783127, 0.12867137789726257]}